<DATE>	<OPEN>	<HIGH>	<LOW>	<CLOSE>	<TICKVOL>	<VOL>	<SPREAD>
2023.07.02	1918.552	1919.584	1917.464	1918.169	3360	0	200
2023.07.03	1918.164	1930.631	1910.003	1921.181	79028	0	200
2023.07.04	1921.180	1930.645	1920.024	1926.176	55072	0	200
2023.07.05	1926.247	1934.767	1914.765	1916.772	87089	0	200
2023.07.06	1916.784	1927.548	1902.568	1911.516	102468	0	200
2023.07.07	1911.543	1934.845	1909.625	1925.339	93343	0	200
2023.07.09	1925.288	1928.140	1923.842	1924.848	4469	0	200
2023.07.10	1924.858	1926.880	1912.299	1924.821	82799	0	200
2023.07.11	1924.822	1938.404	1924.406	1933.240	81692	0	200
2023.07.12	1933.244	1959.618	1933.171	1957.713	94138	0	200
2023.07.13	1957.714	1963.302	1952.294	1960.134	92711	0	200
2023.07.14	1960.124	1963.671	1950.661	1955.223	90984	0	200
2023.07.16	1954.975	1954.975	1951.354	1953.281	4160	0	200
2023.07.17	1953.281	1959.801	1945.553	1955.398	81278	0	200
2023.07.18	1955.396	1984.251	1954.677	1977.481	102236	0	200
2023.07.19	1977.464	1980.859	1969.692	1977.683	83620	0	200
2023.07.20	1977.661	1987.421	1965.320	1972.197	90602	0	200
2023.07.21	1972.227	1973.735	1956.605	1961.851	82263	0	200
2023.07.23	1962.228	1962.882	1960.351	1961.177	2975	0	200
2023.07.24	1961.172	1967.805	1953.174	1954.393	85839	0	200
2023.07.25	1954.394	1966.242	1951.787	1965.284	82939	0	200
2023.07.26	1965.283	1978.243	1962.002	1972.009	94552	0	200
2023.07.27	1972.012	1982.133	1942.018	1947.443	107110	0	200
2023.07.28	1947.411	1963.460	1946.054	1959.184	106930	0	200
2023.07.30	1959.875	1960.470	1957.373	1958.063	3961	0	200
2023.07.31	1958.054	1972.326	1950.718	1963.907	82326	0	200
2023.08.01	1963.876	1964.628	1941.209	1952.146	91690	0	200
2023.08.02	1952.140	1954.752	1932.864	1936.000	90772	0	200
2023.08.03	1936.025	1938.822	1929.496	1935.774	92179	0	200
2023.08.04	1935.747	1946.752	1925.221	1942.483	88436	0	200
2023.08.06	1942.560	1946.648	1942.415	1943.790	4378	0	200
2023.08.07	1943.785	1945.267	1931.462	1936.732	71962	0	200
2023.08.08	1936.763	1937.305	1922.508	1925.569	80953	0	200
2023.08.09	1925.574	1932.204	1913.983	1916.688	74596	0	200
2023.08.10	1916.688	1929.839	1910.698	1912.358	98653	0	200
2023.08.11	1912.358	1920.882	1911.858	1913.786	72543	0	200
2023.08.13	1913.666	1915.181	1912.395	1913.620	3311	0	200
2023.08.14	1913.620	1916.156	1902.465	1907.557	77664	0	200
2023.08.15	1907.567	1911.563	1896.208	1901.419	89209	0	200
2023.08.16	1901.412	1907.146	1891.670	1893.295	78591	0	200
2023.08.17	1893.298	1903.413	1884.996	1891.227	81651	0	200
2023.08.18	1891.231	1896.549	1886.724	1889.529	71924	0	200
2023.08.20	1889.357	1890.823	1888.800	1889.919	3175	0	200
2023.08.21	1889.934	1898.500	1884.547	1894.664	79698	0	200
2023.08.22	1894.674	1904.410	1888.824	1898.478	73980	0	200
2023.08.23	1898.476	1920.292	1898.432	1917.849	82472	0	200
2023.08.24	1917.849	1923.056	1911.554	1915.847	75282	0	200
2023.08.25	1915.845	1922.118	1903.450	1914.321	80411	0	200
2023.08.27	1915.974	1916.068	1914.322	1915.028	3309	0	200
2023.08.28	1915.029	1925.991	1912.694	1921.186	63466	0	200
2023.08.29	1921.199	1938.120	1914.357	1936.168	74861	0	200
2023.08.30	1936.176	1949.006	1934.940	1944.185	75674	0	200
2023.08.31	1944.195	1947.660	1939.033	1939.824	70640	0	200
2023.09.01	1939.828	1952.331	1934.334	1939.704	77932	0	200
2023.09.03	1939.987	1941.000	1939.406	1940.558	2143	0	200
2023.09.04	1940.557	1946.232	1936.688	1937.659	46361	0	200
2023.09.05	1937.551	1938.927	1925.272	1926.559	72877	0	200
2023.09.06	1926.559	1929.079	1915.243	1917.091	72857	0	200
2023.09.07	1917.086	1923.414	1916.163	1920.247	65698	0	200
2023.09.08	1920.255	1929.639	1917.303	1918.973	64957	0	200
2023.09.10	1919.621	1919.653	1916.576	1918.801	4003	0	200
2023.09.11	1918.795	1930.470	1918.316	1921.624	71010	0	200
2023.09.12	1921.590	1924.447	1907.502	1912.858	69295	0	200
2023.09.13	1912.857	1915.545	1905.415	1909.176	79604	0	200
2023.09.14	1909.169	1912.856	1900.968	1909.735	82525	0	200
2023.09.15	1909.766	1930.372	1909.766	1923.831	75296	0	200
2023.09.17	1924.077	1924.530	1922.547	1923.227	2713	0	200
2023.09.18	1923.227	1934.453	1922.773	1934.040	67197	0	200
2023.09.19	1934.061	1937.345	1929.723	1931.319	61557	0	200
2023.09.20	1931.317	1947.361	1927.887	1929.424	82829	0	200
2023.09.21	1929.428	1930.451	1913.791	1921.353	82598	0	200
2023.09.22	1921.361	1929.046	1921.190	1925.231	66562	0	200
2023.09.24	1926.116	1926.294	1924.402	1924.717	3126	0	200
2023.09.25	1924.730	1927.147	1915.004	1916.207	68738	0	200
2023.09.26	1916.209	1916.447	1899.103	1901.529	71471	0	200
2023.09.27	1901.524	1903.862	1872.507	1877.562	79490	0	200
2023.09.28	1877.583	1879.490	1857.494	1866.700	87841	0	200
2023.09.29	1866.695	1879.601	1846.282	1848.796	88177	0	200
2023.10.01	1847.284	1848.678	1845.687	1848.314	4066	0	200
2023.10.02	1848.314	1848.885	1820.404	1824.944	91703	0	200
2023.10.03	1824.919	1833.344	1815.218	1823.303	112736	0	200
2023.10.04	1823.303	1830.542	1816.556	1822.524	101114	0	200
2023.10.05	1822.472	1829.173	1812.994	1821.272	86952	0	200
2023.10.06	1821.272	1834.832	1810.402	1831.900	96662	0	200
2023.10.08	1853.390	1854.643	1845.525	1847.965	10973	0	200
2023.10.09	1847.992	1863.416	1844.161	1862.536	84424	0	200
2023.10.10	1862.582	1865.278	1852.970	1859.647	88392	0	200
2023.10.11	1859.633	1877.152	1858.590	1875.250	85909	0	200
2023.10.12	1875.251	1884.918	1867.883	1870.555	86445	0	200
2023.10.13	1870.546	1932.593	1870.055	1932.217	101878	0	200
2023.10.15	1927.521	1927.521	1921.177	1925.836	7670	0	200
2023.10.16	1925.842	1925.927	1908.144	1919.386	92373	0	200
2023.10.17	1919.382	1931.523	1912.343	1924.715	93194	0	200
2023.10.18	1924.710	1962.580	1923.735	1950.807	107660	0	200
2023.10.19	1950.748	1982.431	1945.172	1977.103	115019	0	200
2023.10.20	1977.137	1997.112	1971.957	1980.756	111981	0	200
2023.10.22	1972.732	1978.542	1970.039	1971.553	6299	0	200
2023.10.23	1971.515	1982.765	1964.273	1973.522	102815	0	200
2023.10.24	1973.520	1980.811	1953.428	1972.842	101805	0	200
2023.10.25	1972.849	1987.210	1962.991	1982.922	108738	0	200
2023.10.26	1982.940	1993.389	1971.759	1984.344	101892	0	200
2023.10.27	1984.343	2009.310	1976.820	2006.083	100491	0	200
2023.10.29	2002.989	2004.741	1996.873	2002.621	9390	0	200
2023.10.30	2002.649	2006.767	1990.950	1995.513	95413	0	200
2023.10.31	1995.531	2007.849	1978.806	1983.668	101957	0	200
2023.11.01	1983.670	1992.599	1969.817	1985.010	107164	0	200
2023.11.02	1984.989	1990.926	1978.792	1984.965	85333	0	200
2023.11.03	1984.956	2004.004	1983.221	1992.517	95333	0	200
2023.11.05	1991.419	1991.579	1987.146	1988.470	2478	0	200
2023.11.06	1988.474	1993.042	1975.737	1976.681	82729	0	200
2023.11.07	1976.653	1977.001	1956.655	1968.903	89631	0	200
2023.11.08	1968.908	1970.996	1947.335	1950.813	88976	0	200
2023.11.09	1950.815	1965.707	1944.509	1959.058	97861	0	200
2023.11.10	1959.060	1960.713	1932.898	1938.354	85515	0	200
2023.11.12	1941.002	1941.299	1921.368	1940.343	2182	0	200
2023.11.13	1940.374	1949.187	1931.604	1946.399	79753	0	200
2023.11.14	1946.418	1970.954	1937.560	1962.493	90753	0	200
2023.11.15	1962.487	1975.292	1955.428	1960.328	90366	0	200
2023.11.16	1960.333	1987.941	1956.420	1982.649	86917	0	199
2023.11.17	1982.599	1993.421	1978.514	1980.631	85082	0	199
2023.11.19	1977.456	1978.727	1974.120	1974.471	2468	0	199
2023.11.20	1974.532	1985.120	1965.416	1981.169	95997	0	199
2023.11.21	1981.155	2007.497	1980.712	1999.339	102351	0	199
2023.11.22	1999.338	2006.394	1986.850	1990.506	92622	0	199
2023.11.23	1990.515	1998.552	1989.762	1993.981	58379	0	199
2023.11.24	1994.072	2003.618	1991.478	2002.207	69487	0	199
2023.11.26	2000.891	2002.982	2000.483	2002.250	2306	0	357
2023.11.27	2002.364	2018.187	2001.813	2015.215	99744	0	199
2023.11.28	2015.217	2044.573	2011.373	2044.404	94652	0	199
2023.11.29	2044.426	2052.027	2035.228	2044.642	109506	0	199
2023.11.30	2044.640	2047.265	2031.281	2039.918	101408	0	199
2023.12.01	2040.075	2075.279	2033.848	2071.613	107706	0	199
2023.12.03	2074.106	2144.501	2071.646	2117.509	17141	0	381
2023.12.04	2117.936	2120.648	2019.986	2034.088	189358	0	199
2023.12.05	2033.930	2041.171	2009.744	2018.903	134488	0	199
2023.12.06	2018.904	2035.915	2018.684	2027.006	110339	0	199
2023.12.07	2026.977	2039.891	2020.091	2027.915	109401	0	199
2023.12.08	2028.063	2034.013	1994.546	2004.338	127484	0	199
2023.12.10	2005.584	2007.648	2004.561	2007.054	3153	0	199
2023.12.11	2006.993	2007.807	1975.836	1982.961	106095	0	199
2023.12.12	1982.952	1996.709	1977.124	1982.453	104533	0	199
2023.12.13	1982.452	2033.132	1973.033	2032.814	123681	0	199
2023.12.14	2032.855	2047.909	2027.374	2035.553	145163	0	199
2023.12.15	2035.521	2044.909	2015.542	2019.491	116220	0	199
2023.12.17	2019.803	2020.102	2015.893	2017.415	3346	0	199
2023.12.18	2017.414	2033.683	2016.067	2027.604	96924	0	199
2023.12.19	2027.568	2046.969	2021.696	2040.930	98219	0	199
2023.12.20	2040.862	2043.452	2027.383	2032.127	95394	0	199
2023.12.21	2032.103	2055.011	2031.904	2052.779	98544	0	199
2023.12.22	2052.787	2070.612	2046.755	2053.095	106392	0	199
2023.12.25	2057.746	2057.746	2052.920	2054.497	1474	0	1115
2023.12.26	2054.489	2069.059	2053.315	2065.502	59271	0	257
2023.12.27	2065.846	2084.424	2061.469	2079.169	89018	0	199
2023.12.28	2079.266	2088.447	2064.456	2066.564	100161	0	199
2023.12.29	2066.602	2074.728	2058.122	2062.838	93956	0	199
2024.01.01	2064.593	2066.002	2062.633	2063.543	1988	0	377
2024.01.02	2063.347	2078.877	2056.099	2059.476	101368	0	199
2024.01.03	2059.448	2065.976	2030.537	2042.666	121041	0	199
2024.01.04	2042.657	2050.971	2036.184	2043.865	97284	0	199
2024.01.05	2043.917	2063.991	2024.385	2045.474	135929	0	199
2024.01.07	2044.577	2045.574	2042.912	2044.207	2801	0	199
2024.01.08	2044.212	2046.582	2016.670	2030.438	118135	0	199
2024.01.09	2030.410	2041.968	2026.015	2030.401	106807	0	199
2024.01.10	2030.403	2040.300	2020.353	2026.358	102708	0	199
2024.01.11	2026.413	2048.109	2013.209	2034.954	134790	0	199
2024.01.12	2035.012	2062.284	2030.027	2049.032	119626	0	199
2024.01.14	2048.130	2048.705	2046.294	2047.586	2672	0	199
2024.01.15	2047.652	2058.626	2045.752	2053.841	73467	0	199
2024.01.16	2053.867	2054.507	2024.185	2027.824	127503	0	199
2024.01.17	2028.100	2032.935	2001.761	2009.243	121655	0	199
2024.01.18	2009.261	2024.233	2005.717	2023.423	100589	0	199
2024.01.19	2023.523	2039.258	2020.310	2029.452	91606	0	199
2024.01.21	2028.529	2028.562	2026.847	2027.505	2803	0	199
2024.01.22	2027.490	2032.074	2016.399	2020.552	95505	0	199
2024.01.23	2020.554	2037.899	2019.559	2029.137	96169	0	199
2024.01.24	2029.002	2036.593	2011.138	2016.101	105313	0	199
2024.01.25	2015.977	2025.271	2009.361	2020.248	98936	0	199
2024.01.26	2020.356	2026.819	2015.868	2018.469	84374	0	199
2024.01.28	2023.424	2028.612	2021.186	2021.831	5032	0	199
2024.01.29	2021.832	2037.561	2019.282	2030.730	90104	0	199
2024.01.30	2030.962	2048.557	2029.029	2036.234	98661	0	199
2024.01.31	2036.400	2055.980	2030.818	2039.786	126370	0	199
2024.02.01	2039.734	2065.458	2029.913	2054.624	120510	0	199
2024.02.02	2054.631	2057.623	2027.741	2039.609	109124	0	199
2024.02.04	2041.781	2042.213	2039.056	2039.715	3238	0	199
2024.02.05	2039.299	2039.818	2014.817	2024.860	98450	0	199
2024.02.06	2024.809	2038.880	2022.802	2035.069	90028	0	199
2024.02.07	2035.115	2044.519	2030.519	2036.228	83931	0	199
2024.02.08	2036.224	2038.688	2020.125	2034.124	89729	0	199
2024.02.09	2033.939	2037.184	2020.237	2024.192	82411	0	199
2024.02.11	2026.346	2026.706	2024.402	2025.266	2166	0	199
2024.02.12	2025.416	2027.539	2011.843	2018.650	77634	0	199
2024.02.13	2018.601	2032.306	1989.965	1991.193	99155	0	199
2024.02.14	1991.332	1996.040	1984.121	1993.452	91599	0	199
2024.02.15	1993.441	2008.228	1990.170	2003.155	87929	0	199
2024.02.16	2003.095	2015.123	1995.070	2013.269	89625	0	199
2024.02.18	2012.706	2019.066	1997.784	2010.604	4241	0	199
2024.02.19	2012.793	2022.957	2009.184	2016.206	63396	0	199
2024.02.20	2015.981	2030.814	2014.956	2024.128	80366	0	199
2024.02.21	2024.048	2032.234	2020.006	2025.566	82571	0	199
2024.02.22	2025.483	2034.833	2019.547	2024.681	88982	0	199
2024.02.23	2024.524	2041.349	2016.002	2035.524	84933	0	199
2024.02.25	2033.240	2034.939	2033.178	2034.224	2097	0	200
2024.02.26	2033.996	2037.019	2024.999	2031.073	80063	0	199
2024.02.27	2030.986	2039.471	2028.690	2030.090	76603	0	199
2024.02.28	2029.968	2037.897	2024.468	2034.303	77513	0	199
2024.02.29	2034.378	2050.662	2028.063	2043.980	88805	0	199
2024.03.01	2044.067	2088.312	2039.039	2083.315	98822	0	199
2024.03.03	2082.522	2086.160	2082.522	2083.440	2898	0	199
2024.03.04	2083.593	2119.887	2079.418	2114.480	99779	0	199
2024.03.05	2114.340	2141.881	2110.404	2128.160	124643	0	199
2024.03.06	2127.777	2152.234	2123.607	2147.192	119493	0	199
2024.03.07	2146.851	2164.753	2144.185	2161.478	123608	0	199
2024.03.08	2161.641	2195.115	2153.945	2178.501	136844	0	199
2024.03.10	2179.559	2183.827	2177.113	2181.570	5744	0	199
2024.03.11	2181.590	2189.011	2174.694	2183.552	102883	0	199
2024.03.12	2183.551	2184.481	2150.468	2156.912	130792	0	199
2024.03.13	2156.907	2179.803	2156.534	2175.362	102051	0	199
2024.03.14	2175.448	2176.968	2152.696	2161.620	105768	0	199
2024.03.15	2161.697	2172.743	2155.095	2155.698	95343	0	199
2024.03.17	2153.279	2156.535	2153.079	2156.514	5005	0	199
2024.03.18	2156.472	2163.613	2146.067	2161.650	93283	0	199
2024.03.19	2162.053	2162.839	2147.150	2157.009	97013	0	199
2024.03.20	2157.052	2211.005	2149.566	2203.501	130267	0	199
2024.03.21	2203.970	2212.563	2166.280	2181.491	142117	0	199
2024.03.22	2181.676	2186.043	2157.007	2165.338	111973	0	199
2024.03.24	2166.313	2168.893	2165.070	2168.337	5641	0	199
2024.03.25	2168.315	2181.257	2163.420	2172.876	103036	0	199
2024.03.26	2172.885	2200.057	2167.543	2179.467	109410	0	199
2024.03.27	2179.462	2197.586	2173.124	2190.969	107792	0	199
2024.03.28	2190.723	2236.293	2187.318	2232.586	123095	0	199
2024.03.31	2239.644	2247.302	2235.568	2244.927	10532	0	299
2024.04.01	2245.957	2265.623	2228.459	2248.942	129125	0	199
2024.04.02	2248.968	2288.238	2246.627	2280.205	151424	0	199
2024.04.03	2279.886	2302.420	2265.364	2297.446	153683	0	199
2024.04.04	2297.497	2305.537	2279.817	2288.890	143578	0	199
2024.04.05	2288.702	2330.507	2267.755	2329.355	173512	0	199
2024.04.07	2327.315	2328.568	2304.018	2311.647	19552	0	199
2024.04.08	2311.297	2354.159	2302.862	2338.790	231605	0	199
2024.04.09	2338.782	2365.338	2337.777	2354.778	184515	0	199
2024.04.10	2354.908	2360.086	2319.237	2335.429	228532	0	199
2024.04.11	2335.489	2379.373	2325.595	2377.001	178978	0	199
2024.04.12	2376.787	2431.528	2333.784	2344.382	305714	0	199
2024.04.14	2369.105	2371.920	2346.784	2364.486	11661	0	199
2024.04.15	2364.446	2392.013	2324.114	2381.833	250820	0	199
2024.04.16	2381.896	2398.253	2362.964	2382.843	237644	0	199
2024.04.17	2382.703	2395.586	2354.553	2367.840	195282	0	199
2024.04.18	2367.837	2392.800	2364.047	2380.003	168238	0	199
2024.04.19	2379.867	2417.905	2372.761	2390.677	255793	0	199
2024.04.21	2384.011	2388.597	2381.878	2386.483	9790	0	199
2024.04.22	2386.506	2386.506	2324.510	2333.737	189242	0	199
2024.04.23	2333.712	2334.378	2291.323	2323.210	218520	0	199
2024.04.24	2323.225	2337.291	2311.698	2316.219	155265	0	199
2024.04.25	2316.223	2344.872	2304.865	2330.620	174306	0	199
2024.04.26	2330.617	2352.555	2326.212	2337.792	141880	0	199
2024.04.28	2333.884	2336.825	2332.476	2335.986	6409	0	199
2024.04.29	2335.937	2346.720	2319.733	2333.173	153543	0	199
2024.04.30	2333.178	2336.113	2284.967	2291.244	156588	0	199
2024.05.01	2291.256	2328.289	2281.553	2323.809	178335	0	199
2024.05.02	2323.848	2326.492	2285.423	2304.247	147900	0	199
2024.05.03	2304.243	2320.712	2277.090	2301.626	171510	0	199
2024.05.05	2302.321	2303.289	2293.260	2293.968	7225	0	199
2024.05.06	2293.929	2332.095	2291.769	2325.943	148881	0	199
2024.05.07	2325.950	2329.926	2309.895	2315.118	117180	0	199
2024.05.08	2315.167	2321.336	2303.584	2308.740	124601	0	199
2024.05.09	2308.733	2348.325	2306.477	2346.524	132421	0	199
2024.05.10	2346.557	2378.476	2345.924	2360.449	146739	0	199
2024.05.12	2361.401	2363.088	2359.730	2360.407	5298	0	199
2024.05.13	2360.447	2364.490	2332.060	2338.408	129113	0	199
2024.05.14	2338.390	2359.593	2334.734	2355.774	131767	0	199
2024.05.15	2355.770	2391.910	2351.746	2391.769	159110	0	199
2024.05.16	2391.764	2397.342	2370.885	2377.726	139693	0	199
2024.05.17	2377.722	2422.737	2373.935	2413.933	137812	0	199
2024.05.19	2425.202	2425.202	2416.739	2420.193	10240	0	199
2024.05.20	2420.204	2450.026	2407.279	2426.133	208359	0	199
2024.05.21	2426.134	2433.945	2406.085	2421.654	171825	0	199
2024.05.22	2421.659	2426.533	2374.942	2382.124	169851	0	199
2024.05.23	2382.156	2383.692	2326.872	2332.012	191930	0	199
2024.05.24	2332.015	2347.385	2325.351	2333.782	122464	0	199
2024.05.26	2335.785	2340.683	2332.184	2337.176	6789	0	199
2024.05.27	2337.188	2358.449	2334.360	2352.372	95352	0	199
2024.05.28	2352.411	2364.077	2340.231	2359.685	146072	0	199
2024.05.29	2359.648	2361.322	2334.457	2338.364	130964	0	199
2024.05.30	2338.378	2351.847	2322.557	2343.907	155492	0	199
2024.05.31	2343.921	2359.694	2320.525	2327.192	154311	0	199
2024.06.02	2328.496	2328.774	2323.335	2325.937	6635	0	199
2024.06.03	2325.967	2354.732	2314.692	2350.630	144305	0	199
2024.06.04	2350.641	2352.794	2315.552	2328.785	147664	0	199
2024.06.05	2328.791	2357.530	2325.827	2355.011	136602	0	199
2024.06.06	2355.010	2378.510	2353.375	2376.730	138160	0	199
2024.06.07	2376.735	2387.702	2286.722	2293.797	196969	0	199
2024.06.09	2290.431	2300.041	2290.380	2298.478	7146	0	199
2024.06.10	2298.479	2313.766	2287.700	2309.930	120036	0	199
2024.06.11	2309.925	2319.950	2297.646	2315.071	132246	0	199
2024.06.12	2315.056	2341.631	2310.672	2320.555	172809	0	199
2024.06.13	2320.569	2326.749	2295.463	2302.335	146171	0	199
2024.06.14	2302.379	2336.559	2301.502	2332.825	127451	0	199
2024.06.16	2331.087	2331.485	2327.412	2328.873	4395	0	199
2024.06.17	2328.918	2328.950	2309.970	2320.645	110385	0	199
2024.06.18	2320.634	2333.087	2306.533	2328.254	120225	0	199
2024.06.19	2328.273	2334.962	2323.674	2329.342	73442	0	199
2024.06.20	2329.361	2365.487	2327.740	2360.745	127727	0	199
2024.06.21	2360.764	2368.742	2316.667	2321.501	135674	0	199
2024.06.23	2321.110	2322.193	2317.688	2319.185	5122	0	199
2024.06.24	2319.176	2334.631	2317.852	2330.877	110161	0	199
2024.06.25	2330.871	2337.088	2315.436	2320.027	117254	0	199
2024.06.26	2319.979	2323.882	2293.529	2298.402	129812	0	199
2024.06.27	2298.412	2330.936	2296.429	2327.720	116421	0	199
2024.06.28	2327.665	2339.809	2319.008	2326.638	115851	0	199
2024.06.30	2322.849	2326.157	2322.840	2324.930	4737	0	199
2024.07.01	2324.951	2338.483	2318.438	2332.222	114684	0	199
2024.07.02	2332.216	2336.770	2319.004	2330.180	112094	0	199
2024.07.03	2330.177	2364.926	2326.782	2358.699	118576	0	199
2024.07.04	2358.721	2362.540	2350.358	2356.721	72123	0	199
2024.07.05	2356.753	2392.941	2345.792	2391.563	127636	0	199
2024.07.07	2389.583	2390.178	2384.765	2386.122	5376	0	199
2024.07.08	2386.067	2391.090	2350.975	2361.711	122144	0	199
2024.07.09	2361.740	2371.583	2349.354	2364.965	122142	0	199
2024.07.10	2364.944	2386.671	2363.302	2372.852	102060	0	199
2024.07.11	2372.834	2424.538	2371.403	2415.851	157275	0	199
2024.07.12	2415.855	2418.233	2391.363	2411.399	122007	0	199
2024.07.14	2411.618	2412.245	2405.666	2408.653	6542	0	179
2024.07.15	2408.657	2439.767	2401.307	2422.494	131912	0	162
2024.07.16	2422.483	2469.967	2419.914	2468.278	147854	0	179
2024.07.17	2468.268	2483.707	2451.407	2461.296	180170	0	179
2024.07.18	2461.334	2474.966	2440.226	2441.250	145206	0	179
2024.07.19	2441.292	2441.343	2393.756	2400.450	172515	0	179
2024.07.21	2403.680	2411.931	2402.487	2411.528	7285	0	179
2024.07.22	2411.496	2412.155	2383.797	2395.783	141391	0	179
2024.07.23	2395.750	2412.001	2388.225	2408.513	129758	0	179
2024.07.24	2408.558	2431.954	2393.033	2398.669	151560	0	179
2024.07.25	2398.720	2399.985	2353.086	2363.801	219838	0	179
2024.07.26	2363.849	2390.799	2355.842	2387.114	141502	0	179
2024.07.28	2387.944	2403.155	2387.857	2397.091	11173	0	179
2024.07.29	2397.055	2402.481	2369.523	2381.143	146816	0	179
2024.07.30	2381.186	2412.799	2376.471	2409.807	149645	0	179
2024.07.31	2409.810	2450.933	2403.876	2445.743	174540	0	179
2024.08.01	2445.725	2462.290	2430.165	2445.844	204216	0	179
2024.08.02	2445.886	2477.722	2410.794	2441.892	265538	0	179
2024.08.04	2441.020	2446.346	2437.915	2440.952	13298	0	179
2024.08.05	2440.984	2458.836	2364.267	2404.837	361623	0	179
2024.08.06	2404.865	2418.307	2381.404	2383.778	233534	0	179
2024.08.07	2383.723	2407.090	2378.941	2384.791	182206	0	179
2024.08.08	2384.835	2427.818	2383.268	2424.593	181531	0	179
2024.08.09	2424.519	2437.018	2416.829	2430.805	149153	0	179
2024.08.11	2428.332	2433.234	2427.246	2427.927	6502	0	179
2024.08.12	2427.928	2476.033	2423.825	2475.536	134736	0	169
2024.08.13	2475.580	2476.963	2458.493	2464.060	142909	0	169
2024.08.14	2464.104	2480.064	2437.995	2449.408	188309	0	169
2024.08.15	2449.396	2470.095	2432.094	2457.302	183675	0	169
2024.08.16	2457.311	2509.783	2450.694	2507.820	159318	0	169
2024.08.18	2506.461	2506.778	2502.271	2506.450	7390	0	179
2024.08.19	2506.438	2507.482	2485.615	2503.544	149359	0	179
2024.08.20	2503.554	2531.668	2497.256	2512.964	163288	0	179
2024.08.21	2512.976	2519.942	2493.669	2512.783	157457	0	179
2024.08.22	2512.732	2514.701	2470.801	2487.564	160059	0	179
2024.08.23	2487.574	2518.350	2486.435	2512.357	157999	0	179
2024.08.25	2512.067	2516.683	2511.076	2515.917	7424	0	159
2024.08.26	2515.903	2527.009	2508.646	2515.511	146826	0	159
2024.08.27	2515.512	2529.062	2503.436	2525.269	154923	0	159
2024.08.28	2525.223	2525.813	2493.526	2508.110	154026	0	159
2024.08.29	2508.080	2528.669	2503.558	2519.613	155233	0	159
2024.08.30	2519.600	2526.914	2494.086	2503.342	168494	0	159
2024.09.01	2502.485	2504.755	2501.942	2502.980	5449	0	159
2024.09.02	2502.983	2507.334	2489.977	2497.242	100422	0	159
2024.09.03	2497.247	2506.247	2473.282	2493.223	190313	0	159
2024.09.04	2493.200	2500.329	2471.868	2495.829	165831	0	159
2024.09.05	2495.827	2523.574	2493.759	2517.282	168817	0	159
2024.09.06	2517.277	2529.208	2485.004	2497.523	235277	0	159
2024.09.08	2497.037	2498.277	2495.500	2496.869	6150	0	159
2024.09.09	2496.871	2507.701	2485.503	2506.813	160999	0	159
2024.09.10	2506.815	2518.868	2500.052	2518.678	149041	0	159
2024.09.11	2518.638	2529.028	2500.844	2511.901	193688	0	159
2024.09.12	2511.823	2560.091	2510.973	2558.422	193198	0	159
2024.09.13	2558.419	2586.120	2556.780	2579.067	173086	0	159
2024.09.15	2578.456	2580.454	2577.545	2579.163	7283	0	159
2024.09.16	2579.170	2589.651	2575.285	2583.659	139470	0	159
2024.09.17	2583.654	2586.956	2560.661	2574.050	165074	0	159
2024.09.18	2574.019	2600.138	2546.828	2559.239	254305	0	159
2024.09.19	2559.239	2594.963	2550.894	2587.282	209246	0	159
2024.09.20	2587.253	2625.754	2584.714	2622.098	185504	0	159
2024.09.22	2620.944	2622.128	2619.652	2620.234	5587	0	159
2024.09.23	2620.202	2634.881	2613.799	2626.300	162070	0	159
2024.09.24	2626.295	2664.366	2622.524	2658.204	201522	0	159
2024.09.25	2658.163	2670.629	2649.566	2656.259	188390	0	159
2024.09.26	2656.359	2685.611	2654.717	2672.601	224092	0	159
2024.09.27	2672.610	2674.266	2642.994	2657.983	209709	0	159
2024.09.29	2661.714	2665.106	2659.762	2663.543	9865	0	159
2024.09.30	2663.580	2666.049	2624.679	2635.634	203176	0	159
2024.10.01	2635.659	2673.222	2633.911	2660.361	202532	0	159
2024.10.02	2660.390	2663.354	2641.038	2660.333	170973	0	159
2024.10.03	2660.299	2662.968	2637.964	2655.804	184476	0	159
2024.10.04	2655.800	2670.167	2632.038	2653.488	203823	0	159
2024.10.06	2651.575	2652.397	2649.674	2650.120	6853	0	159
2024.10.07	2650.103	2659.677	2637.728	2642.944	174020	0	159
2024.10.08	2642.962	2652.982	2604.686	2621.868	242075	0	159
2024.10.09	2621.868	2624.321	2605.116	2608.476	175333	0	159
2024.10.10	2608.438	2636.032	2602.164	2633.149	198175	0	159
2024.10.11	2633.161	2661.462	2631.952	2656.836	151677	0	159
2024.10.13	2650.086	2652.472	2646.866	2648.091	9828	0	159
2024.10.14	2648.131	2666.867	2643.075	2649.351	156212	0	159
2024.10.15	2649.419	2668.930	2637.975	2660.500	168237	0	159
2024.10.16	2660.498	2685.394	2658.722	2674.087	175725	0	159
2024.10.17	2674.122	2696.788	2673.155	2693.709	191694	0	159
2024.10.18	2693.670	2722.633	2692.765	2721.778	182463	0	159
2024.10.20	2723.092	2725.132	2720.179	2723.416	7427	0	159
2024.10.21	2723.457	2740.561	2714.178	2721.483	211266	0	159
2024.10.22	2721.478	2748.905	2720.633	2746.550	170640	0	159
2024.10.23	2746.557	2758.508	2708.604	2721.258	211519	0	159
2024.10.24	2721.219	2743.208	2717.761	2733.844	178218	0	159
2024.10.25	2733.885	2747.774	2716.956	2747.023	158937	0	159
2024.10.27	2733.443	2740.210	2730.340	2735.815	12792	0	159
2024.10.28	2735.783	2745.917	2724.631	2744.427	159070	0	159
2024.10.29	2744.379	2775.397	2743.267	2774.915	180608	0	159
2024.10.30	2774.943	2790.075	2770.830	2785.490	176082	0	159
2024.10.31	2785.489	2790.069	2731.515	2746.691	197732	0	159
2024.11.01	2746.672	2762.216	2733.120	2736.690	186825	0	159
2024.11.03	2732.846	2740.334	2732.577	2738.352	5452	0	159
2024.11.04	2738.379	2748.189	2731.711	2736.008	162249	0	159
2024.11.05	2736.046	2749.960	2724.694	2745.692	157452	0	159
2024.11.06	2745.686	2749.681	2652.335	2664.048	373397	0	159
2024.11.07	2664.035	2710.360	2643.208	2706.866	239798	0	159
2024.11.08	2706.870	2710.418	2680.286	2684.758	201071	0	159
2024.11.10	2683.161	2685.651	2681.526	2685.605	3698	0	159
2024.11.11	2685.638	2686.141	2610.530	2624.038	211160	0	159
2024.11.12	2624.027	2627.186	2589.657	2598.952	233496	0	159
2024.11.13	2599.010	2618.841	2569.214	2570.989	227020	0	159
2024.11.14	2571.012	2577.433	2536.747	2566.899	243397	0	159
2024.11.15	2566.888	2576.070	2554.392	2562.969	203135	0	159
2024.11.17	2568.027	2575.523	2568.027	2571.445	5724	0	159
2024.11.18	2571.418	2615.087	2569.866	2612.704	190960	0	159
2024.11.19	2612.731	2639.438	2611.047	2635.161	199831	0	159
2024.11.20	2635.161	2655.433	2618.864	2652.111	173016	0	159
2024.11.21	2652.153	2673.522	2650.358	2669.159	179980	0	159
2024.11.22	2669.127	2715.662	2668.844	2715.573	214591	0	159
2024.11.24	2711.186	2721.437	2710.748	2719.756	8493	0	159
2024.11.25	2719.719	2720.143	2605.128	2610.455	325092	0	159
2024.11.26	2610.484	2641.989	2608.477	2632.254	231867	0	159
2024.11.27	2632.249	2658.181	2627.017	2637.168	182648	0	159
2024.11.28	2637.127	2649.641	2620.844	2638.765	122264	0	159
2024.11.29	2638.730	2666.383	2633.989	2655.230	154490	0	159
2024.12.01	2649.036	2650.324	2643.057	2645.659	5625	0	159
2024.12.02	2645.701	2651.794	2621.818	2642.206	226504	0	159
2024.12.03	2642.199	2655.665	2634.033	2642.721	183320	0	159
2024.12.04	2642.725	2657.165	2632.330	2650.397	188368	0	159
2024.12.05	2650.404	2655.518	2623.444	2633.713	173768	0	159
2024.12.06	2633.721	2645.733	2612.931	2632.914	204937	0	159
2024.12.08	2642.963	2648.524	2636.316	2640.128	8067	0	159
2024.12.09	2640.128	2676.454	2627.525	2660.454	197706	0	159
2024.12.10	2660.476	2698.332	2657.958	2695.991	181038	0	159
2024.12.11	2695.930	2721.064	2675.502	2719.922	185295	0	145
2024.12.12	2719.986	2726.206	2675.078	2680.623	73767	0	159
2024.12.13	2680.617	2692.778	2646.046	2648.392	70335	0	159
2024.12.15	2649.414	2653.127	2648.804	2651.479	1932	0	159
2024.12.16	2651.484	2664.447	2643.497	2651.744	118449	0	80
2024.12.17	2651.762	2658.611	2632.966	2647.378	161468	0	159
2024.12.18	2647.365	2651.700	2583.382	2588.225	184822	0	159
2024.12.19	2588.256	2626.430	2586.951	2593.519	208926	0	159
2024.12.20	2593.496	2631.875	2589.593	2622.643	178809	0	64
2024.12.22	2623.329	2624.924	2621.740	2624.293	1851	0	159
2024.12.23	2624.398	2633.241	2608.078	2615.492	124019	0	64
2024.12.24	2615.546	2621.447	2610.019	2616.713	100985	0	159
2024.12.25	2615.621	2620.115	2615.371	2618.656	2414	0	160
2024.12.26	2618.647	2639.177	2618.614	2632.684	118184	0	159
2024.12.27	2632.689	2638.314	2611.608	2621.623	135702	0	159
2024.12.29	2621.977	2626.167	2621.632	2624.035	4006	0	159
2024.12.30	2624.080	2628.157	2596.042	2606.677	141471	0	159
2024.12.31	2606.717	2627.562	2602.591	2624.381	122358	0	159
2025.01.01	2625.179	2625.839	2621.641	2623.766	3113	0	159
2025.01.02	2623.798	2660.458	2622.720	2658.327	161371	0	159
2025.01.03	2658.328	2665.214	2636.644	2640.370	133677	0	159
2025.01.05	2639.644	2642.386	2639.644	2641.063	3241	0	160
2025.01.06	2641.098	2649.489	2614.436	2634.681	194970	0	159
2025.01.07	2634.634	2664.264	2632.918	2649.807	171099	0	159
2025.01.08	2649.817	2670.053	2645.202	2662.507	162591	0	159
2025.01.09	2662.526	2678.351	2655.471	2669.951	136127	0	159
2025.01.10	2669.978	2698.026	2663.994	2689.592	274153	0	159
2025.01.12	2689.769	2691.385	2687.574	2691.105	5119	0	159
2025.01.13	2691.128	2693.368	2656.768	2668.058	263985	0	159
2025.01.14	2667.975	2678.294	2659.802	2675.590	201952	0	159
2025.01.15	2675.580	2697.970	2669.388	2694.956	219512	0	159
2025.01.16	2694.984	2724.740	2689.907	2714.585	245500	0	159
2025.01.17	2714.619	2717.325	2699.242	2702.879	165374	0	159
2025.01.19	2702.629	2703.084	2691.547	2696.424	4791	0	160
2025.01.20	2696.424	2713.771	2689.395	2710.445	143205	0	159
2025.01.21	2710.433	2745.963	2702.797	2744.259	169476	0	159
2025.01.22	2744.309	2763.430	2742.713	2755.583	221386	0	159
2025.01.23	2755.562	2758.962	2735.770	2754.543	235308	0	159
2025.01.24	2754.546	2786.011	2754.329	2771.079	222291	0	159
2025.01.26	2765.650	2769.721	2765.185	2767.553	8226	0	159
2025.01.27	2767.554	2772.540	2730.478	2741.710	279883	0	159
2025.01.28	2741.743	2765.052	2734.772	2762.695	205297	0	159
2025.01.29	2762.698	2766.271	2744.745	2760.306	227022	0	159
2025.01.30	2760.243	2798.476	2758.704	2796.146	234840	0	159
2025.01.31	2796.183	2817.244	2791.000	2799.348	294862	0	159
2025.02.02	2801.018	2804.653	2784.271	2793.709	36984	0	159
2025.02.03	2793.726	2830.570	2772.137	2814.023	393877	0	159
2025.02.04	2813.985	2845.504	2807.199	2841.206	313327	0	159
2025.02.05	2841.236	2882.425	2839.698	2869.279	291519	0	159
2025.02.06	2869.272	2873.317	2834.059	2858.000	291101	0	159
2025.02.07	2857.994	2886.747	2852.405	2861.002	274315	0	159
2025.02.09	2861.269	2870.590	2860.088	2867.495	7930	0	159
2025.02.10	2867.539	2921.603	2865.830	2917.847	259777	0	159
2025.02.11	2917.894	2942.649	2881.696	2898.536	361662	0	159
2025.02.12	2898.562	2909.267	2864.102	2905.781	269879	0	159
2025.02.13	2905.756	2932.484	2901.452	2931.217	228241	0	159
2025.02.14	2931.192	2940.000	2876.991	2882.772	290597	0	159
2025.02.16	2893.643	2894.027	2878.430	2879.221	16153	0	159
2025.02.17	2879.254	2906.428	2879.254	2899.373	177682	0	159
2025.02.18	2899.325	2936.994	2892.013	2934.061	170605	0	159
2025.02.19	2934.059	2947.049	2918.524	2935.384	200764	0	159
2025.02.20	2935.386	2954.975	2924.080	2941.530	198890	0	159
2025.02.21	2941.570	2949.786	2916.682	2936.453	205671	0	159
2025.02.23	2939.411	2940.546	2936.498	2936.867	6037	0	159
2025.02.24	2936.863	2956.181	2921.332	2949.996	210124	0	159
2025.02.25	2949.957	2952.552	2888.229	2918.604	244883	0	159
2025.02.26	2918.626	2930.141	2890.669	2919.118	192639	0	159
2025.02.27	2919.176	2919.176	2867.740	2876.063	266013	0	159
2025.02.28	2876.069	2885.034	2832.578	2858.242	244668	0	159
2025.03.02	2873.556	2876.994	2863.995	2870.799	14068	0	159
2025.03.03	2870.866	2895.267	2858.830	2890.886	205648	0	159
2025.03.04	2890.863	2927.891	2881.950	2914.363	223019	0	159
2025.03.05	2914.355	2930.042	2894.255	2918.236	264948	0	159
2025.03.06	2918.237	2926.567	2891.159	2910.314	233276	0	159
2025.03.07	2910.249	2930.466	2896.667	2911.256	273026	0	159
2025.03.09	2912.347	2917.051	2909.658	2916.187	10324	0	159
2025.03.10	2916.190	2918.312	2880.166	2884.685	260024	0	159
2025.03.11	2884.724	2922.262	2880.131	2915.551	191245	0	159
2025.03.12	2915.589	2940.592	2905.970	2938.039	202128	0	159
2025.03.13	2938.025	2989.916	2932.920	2986.435	208307	0	159
2025.03.14	2986.473	3004.879	2978.421	2986.370	200198	0	159
2025.03.16	2987.601	2994.105	2986.054	2990.061	7877	0	159
2025.03.17	2990.027	3002.807	2982.158	2999.831	149684	0	159
2025.03.18	2999.803	3038.334	2999.490	3031.774	178489	0	159
2025.03.19	3031.801	3051.924	3022.744	3050.026	176978	0	159
2025.03.20	3050.023	3057.484	3025.626	3046.409	193438	0	159
2025.03.21	3046.335	3047.435	2999.385	3023.493	193705	0	159
2025.03.23	3023.441	3026.292	3022.143	3024.721	6816	0	159
2025.03.24	3024.709	3033.208	3002.465	3009.910	176683	0	159
2025.03.25	3009.945	3036.014	3007.555	3021.041	148223	0	159
2025.03.26	3021.037	3032.042	3012.325	3021.623	154312	0	159
2025.03.27	3021.563	3059.860	3021.522	3055.710	209244	0	159
2025.03.28	3055.726	3086.807	3054.997	3085.002	214091	0	159
2025.03.30	3092.531	3097.843	3087.793	3089.213	13252	0	159
2025.03.31	3089.159	3128.165	3076.803	3120.581	276866	0	159
2025.04.01	3120.569	3149.059	3100.761	3115.168	272867	0	159
2025.04.02	3115.160	3167.792	3104.795	3162.703	320020	0	159
2025.04.03	3162.550	3164.804	3054.052	3112.884	498707	0	159
2025.04.04	3112.908	3136.756	3015.556	3038.506	516994	0	159
2025.04.06	3028.686	3032.445	2977.024	2999.944	46504	0	159
2025.04.07	2999.954	3055.804	2956.302	2981.328	686072	0	159
2025.04.08	2981.363	3022.746	2969.971	2978.367	328393	0	159
2025.04.09	2978.398	3099.690	2972.475	3086.784	458532	0	159
2025.04.10	3086.745	3191.324	3078.448	3188.972	359044	0	159
2025.04.11	3188.993	3245.436	3184.855	3237.519	383179	0	159
2025.04.13	3220.460	3224.725	3213.589	3223.805	19751	0	159
2025.04.14	3223.699	3245.757	3193.552	3212.599	266319	0	159
2025.04.15	3212.634	3251.826	3209.977	3251.780	184986	0	159
2025.04.16	3251.804	3357.758	3251.590	3350.133	295287	0	159
2025.04.17	3350.168	3356.281	3283.822	3327.671	308633	0	159
2025.04.20	3331.849	3353.168	3331.288	3348.078	23655	0	159
2025.04.21	3348.191	3444.257	3347.487	3434.548	296298	0	159
2025.04.22	3434.524	3500.033	3315.831	3336.561	546992	0	159
2025.04.23	3336.607	3386.661	3260.042	3316.384	498355	0	159
2025.04.24	3316.351	3370.789	3306.737	3348.976	350485	0	159
2025.04.25	3348.951	3363.120	3265.072	3318.726	321025	0	159
2025.04.27	3325.640	3330.229	3298.606	3302.739	25689	0	159
2025.04.28	3302.791	3353.004	3268.074	3337.610	306531	0	159
2025.04.29	3337.643	3340.039	3299.649	3317.122	257849	0	159
2025.04.30	3317.122	3327.971	3266.901	3272.887	297973	0	159
2025.05.01	3272.922	3276.323	3201.862	3237.253	319421	0	159
2025.05.02	3237.291	3269.242	3222.721	3240.947	280819	0	159
2025.05.04	3238.490	3252.300	3237.490	3247.922	17316	0	159
2025.05.05	3247.981	3338.052	3241.180	3334.031	263554	0	159
2025.05.06	3334.038	3435.016	3323.139	3400.680	376117	0	159
2025.05.07	3400.723	3401.666	3360.068	3376.488	357339	0	159
2025.05.08	3376.515	3414.851	3288.697	3316.412	387273	0	159
2025.05.09	3316.448	3347.556	3274.664	3326.805	270548	0	159
2025.05.11	3282.255	3292.606	3265.847	3287.534	32354	0	159
2025.05.12	3287.506	3289.998	3207.693	3236.880	398739	0	159
2025.05.13	3236.906	3265.659	3215.868	3254.425	263146	0	159
2025.05.14	3254.388	3254.658	3167.933	3186.098	312268	0	159
2025.05.15	3186.043	3252.132	3120.649	3237.150	310784	0	159
2025.05.16	3237.175	3244.615	3154.289	3202.217	313223	0	159
2025.05.18	3214.226	3245.254	3211.645	3234.910	28719	0	159
2025.05.19	3234.947	3249.812	3206.584	3222.532	267252	0	159
2025.05.20	3222.561	3304.072	3204.521	3290.695	274876	0	159
2025.05.21	3290.734	3324.897	3285.420	3320.082	284656	0	159
2025.05.22	3320.143	3345.430	3279.252	3300.146	302899	0	159
2025.05.23	3300.172	3365.925	3286.942	3356.295	303505	0	159
2025.05.25	3352.095	3352.480	3341.349	3342.691	22932	0	159
2025.05.26	3342.730	3356.859	3323.485	3346.139	165391	0	159
2025.05.27	3346.182	3350.029	3285.089	3309.402	249681	0	159
2025.05.28	3309.431	3325.556	3250.249	3259.895	245613	0	159
2025.05.29	3259.921	3331.247	3245.432	3315.503	268457	0	159
2025.05.30	3315.498	3322.777	3271.526	3289.665	264968	0	159
2025.06.01	3303.113	3316.742	3299.888	3310.255	16984	0	159
2025.06.02	3310.213	3392.238	3301.409	3387.384	234616	0	159
2025.06.03	3387.407	3388.671	3333.078	3359.945	224944	0	159
2025.06.04	3359.972	3384.637	3343.720	3378.042	218115	0	159
2025.06.05	3378.099	3403.592	3339.370	3361.810	319286	0	159
2025.06.06	3361.867	3375.685	3307.053	3311.702	266872	0	159
2025.06.08	3317.819	3321.214	3309.201	3318.038	14563	0	159
2025.06.09	3318.082	3338.210	3293.452	3326.766	200358	0	159
2025.06.10	3326.809	3349.122	3301.920	3327.862	228688	0	159
2025.06.11	3327.914	3373.534	3319.194	3365.376	271564	0	159
2025.06.12	3365.467	3399.020	3338.570	3395.952	280413	0	160
2025.06.13	3395.837	3446.755	3391.720	3433.449	341489	0	160
2025.06.15	3440.955	3451.255	3438.616	3444.141	24940	0	160
2025.06.16	3444.166	3451.224	3382.725	3402.769	276056	0	160
2025.06.17	3402.815	3403.289	3366.079	3387.380	267609	0	160
2025.06.18	3387.295	3400.000	3362.474	3375.023	245535	0	160
2025.06.19	3375.042	3387.968	3347.474	3368.739	184744	0	160
2025.06.20	3368.763	3374.477	3340.345	3368.618	185656	0	160
2025.06.22	3384.117	3388.928	3371.173	3372.755	26349	0	160
2025.06.23	3372.776	3393.493	3341.510	3344.235	255276	0	160
2025.06.24	3344.270	3357.912	3295.306	3324.142	256294	0	160
2025.06.25	3324.139	3340.158	3311.894	3339.028	159825	0	160
2025.06.26	3338.987	3350.370	3309.916	3318.758	197842	0	160
2025.06.27	3318.731	3322.012	3255.836	3274.598	241988	0	160
2025.06.29	3272.488	3274.234	3247.921	3263.805	27922	0	160
2025.06.30	3263.775	3314.602	3259.425	3312.441	185109	0	160
2025.07.01	3312.435	3358.015	3309.917	3338.152	187699	0	160
2025.07.02	3338.186	3365.752	3327.587	3349.395	176290	0	160
2025.07.03	3349.444	3363.677	3311.535	3330.871	180318	0	160
2025.07.04	3330.875	3345.087	3325.869	3335.070	97137	0	160
2025.07.06	3341.408	3341.911	3326.187	3328.853	12032	0	160
2025.07.07	3328.830	3345.857	3296.296	3334.653	206348	0	160
2025.07.08	3334.697	3339.500	3287.041	3302.277	196018	0	160
2025.07.09	3302.341	3321.104	3282.626	3317.660	179187	0	160
2025.07.10	3317.559	3330.318	3310.017	3323.808	159161	0	160
2025.07.11	3323.764	3368.733	3323.621	3355.105	187085	0	160
2025.07.13	3361.295	3374.017	3359.658	3367.772	17961	0	160
2025.07.14	3367.731	3375.078	3340.971	3345.337	170548	0	160
2025.07.15	3345.299	3366.356	3320.218	3331.056	177217	0	160
2025.07.16	3331.092	3377.523	3319.529	3346.526	241051	0	160
2025.07.17	3346.556	3347.405	3309.883	3340.159	165360	0	160
2025.07.18	3340.214	3361.212	3331.806	3350.395	137759	0	160
2025.07.20	3348.767	3350.115	3345.006	3349.107	7795	0	160
2025.07.21	3349.168	3402.783	3347.696	3396.532	159327	0	160
2025.07.22	3396.540	3433.507	3383.240	3427.458	182438	0	160
2025.07.23	3427.433	3438.943	3381.375	3390.008	207825	0	160
2025.07.24	3390.047	3393.438	3351.315	3369.419	177406	0	160
2025.07.25	3369.422	3373.528	3324.928	3336.869	151347	0	160
2025.07.27	3329.144	3337.465	3323.817	3333.683	15952	0	160
2025.07.28	3333.675	3345.352	3301.777	3312.468	173472	0	160
2025.07.29	3312.485	3334.117	3307.843	3327.552	172286	0	160
2025.07.30	3327.562	3334.052	3268.034	3285.303	217905	0	160
2025.07.31	3285.257	3314.812	3282.802	3288.651	190552	0	160
2025.08.01	3288.607	3363.566	3281.590	3363.119	223668	0	160
2025.08.03	3364.339	3364.521	3354.585	3361.957	12436	0	160
2025.08.04	3361.990	3385.377	3345.006	3377.407	153487	0	160
2025.08.05	3377.383	3390.452	3349.803	3383.187	149308	0	160
2025.08.06	3383.194	3385.340	3358.091	3370.155	145143	0	160
2025.08.07	3370.205	3409.019	3365.192	3400.470	258339	0	160
2025.08.08	3400.432	3404.295	3376.553	3398.564	358129	0	160
2025.08.10	3400.572	3401.819	3390.292	3391.548	14086	0	160
2025.08.11	3391.592	3391.639	3341.273	3349.027	216642	0	160
2025.08.12	3349.010	3359.244	3331.071	3350.570	207136	0	160
2025.08.13	3350.580	3370.735	3342.678	3362.702	143573	0	160
2025.08.14	3362.724	3374.845	3329.838	3335.551	190963	0	160
2025.08.15	3335.580	3348.747	3332.372	3335.213	137735	0	160
2025.08.17	3334.569	3335.381	3323.503	3327.097	10036	0	160
2025.08.18	3327.080	3358.418	3326.727	3330.978	131890	0	160
2025.08.19	3330.990	3345.304	3312.771	3314.231	143378	0	160
2025.08.20	3314.241	3352.092	3311.514	3346.836	133690	0	160
2025.08.21	3346.906	3348.112	3325.126	3338.411	134556	0	160
2025.08.22	3338.367	3378.869	3321.378	3372.299	158433	0	160
2025.08.24	3368.744	3371.039	3365.848	3368.995	7180	0	160
2025.08.25	3369.080	3376.306	3351.710	3354.892	109441	0	160
2025.08.26	3354.827	3393.583	3351.207	3390.862	161609	0	160
2025.08.27	3390.853	3399.502	3373.698	3395.819	132794	0	160
2025.08.28	3395.750	3423.212	3384.637	3414.819	139570	0	160
2025.08.29	3414.850	3453.924	3404.309	3448.035	138334	0	160
2025.08.31	3445.866	3452.606	3442.459	3447.952	9796	0	160
2025.09.01	3447.912	3489.928	3437.028	3479.211	164854	0	160
2025.09.02	3479.183	3540.122	3470.218	3529.984	247589	0	160
2025.09.03	3530.010	3578.427	3526.781	3560.292	236449	0	160
2025.09.04	3560.341	3563.473	3511.211	3552.549	234127	0	160
2025.09.05	3552.532	3600.076	3544.721	3586.597	238148	0	160
2025.09.07	3591.856	3596.716	3587.112	3591.178	23713	0	160
2025.09.08	3591.110	3646.316	3579.620	3634.992	216273	0	160
2025.09.09	3635.023	3674.541	3623.120	3633.568	271356	0	160
2025.09.10	3633.543	3657.577	3620.180	3644.915	193824	0	160
2025.09.11	3644.851	3649.150	3613.082	3631.842	209045	0	160
2025.09.12	3631.810	3656.620	3630.497	3643.484	160812	0	160
2025.09.14	3644.610	3645.996	3636.772	3638.241	7120	0	160
2025.09.15	3638.237	3685.623	3626.541	3676.996	173049	0	160
2025.09.16	3676.886	3703.110	3674.646	3694.245	180591	0	160
2025.09.17	3694.244	3707.455	3646.057	3669.169	284395	0	160
2025.09.18	3669.100	3673.017	3627.744	3640.239	243462	0	160
2025.09.19	3640.242	3685.190	3632.203	3684.861	189948	0	160
2025.09.21	3687.969	3692.329	3683.776	3686.253	12026	0	160
2025.09.22	3686.263	3749.254	3685.466	3747.763	221764	0	160
2025.09.23	3747.797	3791.065	3736.722	3763.842	279160	0	160
2025.09.24	3763.822	3779.229	3717.427	3742.920	232817	0	160
2025.09.25	3743.000	3761.601	3721.945	3744.717	284777	0	160
2025.09.26	3744.676	3783.826	3734.464	3761.041	235442	0	160
2025.09.28	3764.718	3772.502	3763.322	3766.899	12958	0	160
2025.09.29	3766.858	3834.025	3763.910	3832.835	318441	0	160
2025.09.30	3832.890	3871.700	3793.074	3862.927	358279	0	160
2025.10.01	3862.940	3895.376	3853.356	3863.518	322759	0	160
2025.10.02	3863.475	3897.154	3819.320	3862.410	314608	0	160
2025.10.03	3862.365	3891.638	3837.995	3887.045	267080	0	160
2025.10.05	3888.624	3920.986	3884.034	3909.450	35338	0	160
2025.10.06	3909.487	3976.198	3898.931	3969.514	378420	0	160
2025.10.07	3969.556	3995.946	3940.820	3994.411	347923	0	160
2025.10.08	3994.367	4059.321	3984.478	4011.708	368438	0	160
2025.10.09	4011.706	4057.978	3944.600	3989.932	550715	0	160
2025.10.10	3989.927	4022.825	3946.940	4010.399	517724	0	160
2025.10.12	4014.463	4060.193	4008.645	4035.147	49709	0	160
2025.10.13	4035.195	4132.069	4024.338	4128.045	409302	0	160
2025.10.14	4128.091	4179.707	4090.603	4161.613	643731	0	160
2025.10.15	4161.574	4218.221	4153.803	4209.458	458570	0	160
2025.10.16	4209.563	4380.074	4203.546	4365.805	521354	0	160
2025.10.17	4365.763	4378.554	4186.194	4250.936	1000752	0	160
2025.10.19	4264.629	4268.325	4233.246	4237.851	40955	0	160
2025.10.20	4237.822	4381.569	4218.935	4360.492	588360	0	160
2025.10.21	4360.442	4372.296	4080.817	4093.156	905906	0	160
2025.10.22	4093.182	4161.360	4004.185	4087.735	1006150	0	160
2025.10.23	4087.639	4154.684	4065.984	4121.703	534793	0	160
2025.10.24	4121.728	4144.297	4043.978	4113.082	510483	0	160
2025.10.26	4083.572	4109.193	4061.912	4064.458	50184	0	160
2025.10.27	4064.532	4097.781	3971.348	3998.491	569997	0	160
2025.10.28	3998.379	4019.767	3886.540	3964.818	559371	0	160
2025.10.29	3964.847	4030.268	3917.190	3952.836	549313	0	160
2025.10.30	3952.798	4046.422	3915.301	4036.658	539000	0	160
2025.10.31	4036.633	4039.309	3972.406	4001.621	447021	0	160
2025.11.02	3990.719	3998.936	3977.946	3980.468	17526	0	160
2025.11.03	3980.378	4030.646	3962.306	3997.194	412513	0	160
2025.11.04	3997.301	4000.711	3928.810	3934.767	415493	0	160
2025.11.05	3934.793	3990.518	3929.598	3973.671	312515	0	160
2025.11.06	3973.630	4019.609	3964.543	3989.177	302629	0	160
2025.11.07	3989.212	4027.628	3984.058	4001.422	298842	0	160
2025.11.09	4004.876	4012.265	4004.027	4011.860	11896	0	160
2025.11.10	4011.870	4122.665	4011.132	4119.955	320082	0	160
2025.11.11	4119.992	4148.862	4097.107	4142.639	304653	0	160
2025.11.12	4142.641	4211.751	4098.923	4191.097	399827	0	160
2025.11.13	4191.055	4245.332	4145.372	4185.929	502140	0	160
2025.11.14	4185.951	4211.561	4032.197	4084.620	570531	0	160
2025.11.16	4083.755	4106.794	4071.875	4096.461	23002	0	160
2025.11.17	4096.528	4102.076	4006.848	4036.825	496066	0	160
2025.11.18	4036.862	4082.273	3998.052	4076.650	477219	0	160
2025.11.19	4076.692	4132.686	4055.572	4104.662	494859	0	160
2025.11.20	4104.692	4110.327	4038.727	4079.097	602096	0	160
2025.11.21	4079.141	4101.270	4022.258	4066.113	548192	0	160
2025.11.23	4072.469	4077.681	4065.815	4075.117	14659	0	160
2025.11.24	4075.148	4144.411	4039.842	4143.810	376297	0	160
2025.11.25	4143.802	4159.498	4109.156	4133.730	428156	0	160
2025.11.26	4133.808	4173.570	4132.595	4165.012	343459	0	160
2025.11.27	4164.965	4167.313	4142.573	4163.431	207202	0	160
2025.11.28	4163.371	4226.479	4147.529	4219.212	232572	0	160
2025.11.30	4219.954	4225.289	4205.826	4221.933	15731	0	160
2025.12.01	4221.906	4264.527	4215.434	4227.679	428180	0	160
2025.12.02	4227.704	4230.859	4163.545	4212.876	428497	0	160
2025.12.03	4212.913	4241.579	4194.480	4207.165	388249	0	160
2025.12.04	4207.102	4219.460	4174.834	4206.079	353544	0	160
2025.12.05	4206.077	4259.240	4191.863	4198.522	356601	0	160
2025.12.07	4202.426	4208.658	4189.873	4201.389	2186	0	160
2025.12.08	4201.433	4218.963	4176.137	4194.735	267259	0	160
2025.12.09	4194.740	4221.525	4170.097	4210.870	334998	0	160
2025.12.10	4210.804	4238.679	4181.683	4232.470	369266	0	160
2025.12.11	4232.448	4285.946	4204.244	4276.523	581070	0	160
2025.12.12	4276.471	4353.561	4256.958	4300.983	506803	0	160
2025.12.14	4300.525	4308.446	4299.860	4302.391	9969	0	160
2025.12.15	4302.443	4350.280	4285.180	4304.150	360613	0	160
2025.12.16	4304.132	4335.137	4271.617	4307.860	395281	0	160
2025.12.17	4307.905	4349.297	4306.453	4339.201	390602	0	160
2025.12.18	4339.150	4374.641	4308.645	4335.144	416110	0	160
2025.12.19	4335.170	4356.559	4309.271	4339.365	310015	0	160
2025.12.21	4340.939	4356.441	4339.930	4355.369	8029	0	160
2025.12.22	4355.312	4461.751	4355.312	4460.243	302132	0	160
2025.12.23	4460.236	4510.399	4430.554	4503.344	370420	0	160
2025.12.24	4503.359	4525.987	4448.294	4480.715	348459	0	160
2025.12.25	4486.193	4500.024	4484.470	4495.245	9584	0	160
2025.12.26	4495.172	4550.219	4492.254	4532.568	415390	0	160
2025.12.28	4546.214	4548.500	4523.347	4527.184	25348	0	160
2025.12.29	4527.210	4528.013	4302.137	4345.645	687140	0	160
2025.12.30	4345.569	4404.215	4324.366	4338.922	466135	0	160
2025.12.31	4338.986	4373.418	4274.379	4318.847	443576	0	160
2026.01.01	4328.340	4351.513	4327.659	4348.337	8188	0	160
2026.01.02	4348.358	4402.406	4309.669	4331.759	383280	0	160
2026.01.04	4353.486	4375.948	4349.802	4372.570	15714	0	160
2026.01.05	4372.597	4460.318	4370.227	4440.334	452075	0	160
2026.01.06	4440.402	4500.541	4427.675	4493.261	380249	0	160
2026.01.07	4493.308	4495.916	4423.563	4463.418	436178	0	160
2026.01.08	4463.383	4484.208	4407.580	4475.597	420581	0	160
2026.01.09	4475.632	4517.180	4452.819	4509.075	374570	0	160
2026.01.11	4517.918	4545.041	4517.918	4539.960	13278	0	160
2026.01.12	4540.016	4630.117	4536.245	4599.371	487611	0	160
2026.01.13	4599.408	4634.727	4569.234	4597.136	420097	0	160
2026.01.14	4597.181	4643.189	4597.140	4615.294	459092	0	160
2026.01.15	4615.266	4624.902	4580.995	4610.284	443064	0	160
2026.01.16	4610.315	4620.517	4536.729	4596.588	438635	0	160
2026.01.18	4655.358	4690.741	4653.848	4672.573	25614	0	160
2026.01.19	4672.630	4682.118	4653.161	4665.406	260535	0	160
2026.01.20	4665.371	4781.129	4659.471	4775.878	448500	0	160
2026.01.21	4775.829	4888.466	4755.898	4778.370	730181	0	160
2026.01.22	4778.245	4960.586	4772.238	4958.972	461649	0	160
2026.01.23	4959.011	4989.804	4899.545	4988.337	467650	0	160
2026.01.25	5019.847	5040.296	5003.575	5039.789	30690	0	160
2026.01.26	5039.821	5111.173	4989.632	5043.629	848877	0	160
2026.01.27	5043.588	5190.490	5013.485	5172.433	769108	0	160
2026.01.28	5172.389	5570.018	5157.059	5513.022	1051576	0	160
2026.01.29	5512.989	5595.324	5094.978	5438.589	1285744	0	160
2026.01.30	5438.551	5450.917	4682.526	4891.496	2316173	0	160
2026.02.01	4793.519	4819.788	4697.912	4741.422	41037	0	160
2026.02.02	4741.538	4884.887	4402.065	4774.148	1432064	0	160
2026.02.03	4774.235	4993.644	4745.492	4947.171	747521	0	160
2026.02.04	4947.389	5091.855	4852.072	5012.195	568377	0	160
2026.02.05	5012.269	5020.399	4703.348	4703.690	830315	0	160
2026.02.06	4703.682	4971.378	4655.088	4968.204	471506	0	160
2026.02.08	4967.633	5046.837	4964.715	5035.944	13824	0	240
2026.02.09	5036.019	5086.697	4969.128	5031.903	311475	0	160
2026.02.10	5031.829	5078.559	4998.800	5041.550	293948	0	160
2026.02.11	5041.616	5119.179	5018.860	5061.397	284074	0	160
2026.02.12	5061.305	5083.734	4878.413	4920.140	389208	0	160
2026.02.13	4920.033	5046.101	4913.672	5042.605	296561	0	160
2026.02.15	5026.640	5032.130	5010.128	5019.916	9972	0	240
2026.02.16	5019.896	5031.398	4964.573	4989.993	142923	0	160
2026.02.17	4989.878	4991.592	4841.171	4859.523	318715	0	160
2026.02.18	4859.221	5010.974	4858.434	4976.152	188744	0	160
2026.02.19	4976.014	5022.355	4960.470	4987.657	183456	0	160
2026.02.20	4987.647	5108.149	4981.605	5105.809	253008	0	160
2026.02.22	5111.637	5171.868	5108.785	5165.373	10740	0	240
2026.02.23	5165.366	5249.420	5122.100	5235.933	231862	0	240
2026.02.24	5235.839	5237.900	5093.422	5146.578	264906	0	240
2026.02.25	5146.526	5217.544	5136.376	5163.219	208169	0	240
2026.02.26	5163.297	5205.507	5130.605	5184.462	236587	0	240
2026.02.27	5184.431	5281.293	5166.688	5279.022	218865	0	240
2026.03.01	5319.272	5393.506	5314.681	5386.804	16205	0	360
2026.03.02	5386.823	5419.154	5260.224	5345.688	413631	0	360
2026.03.03	5345.693	5379.802	4995.774	5125.083	665598	0	240
2026.03.04	5125.088	5206.015	5105.746	5164.962	392489	0	240
2026.03.05	5164.887	5194.924	5050.681	5086.266	342262	0	240
2026.03.06	5086.091	5176.565	5062.583	5174.067	293150	0	240
2026.03.08	5178.794	5180.106	5044.202	5075.425	40891	0	264
2026.03.09	5075.836	5155.948	5014.424	5139.631	343784	0	240
2026.03.10	5139.457	5238.508	5124.527	5196.851	239723	0	360
2026.03.11	5196.925	5222.913	5129.626	5134.222	202818	0	360
2026.03.12	5134.051	5191.690	5054.751	5098.163	219298	0	240
2026.03.13	5098.089	5128.452	5009.588	5020.962	225693	0	240
2026.03.15	5017.112	5030.460	4966.796	4997.507	23774	0	160
2026.03.16	4997.434	5038.065	4970.011	5012.841	236078	0	160
2026.03.17	5012.899	5044.474	4973.345	5002.750	188048	0	200
2026.03.18	5002.803	5016.207	4804.231	4836.832	292729	0	200
2026.03.19	4836.657	4866.892	4502.509	4643.703	606735	0	200
2026.03.20	4643.631	4735.839	4477.074	4497.488	732826	0	260
2026.03.22	4477.751	4536.226	4449.277	4464.824	48653	0	280
2026.03.23	4464.593	4512.743	4098.357	4441.196	2066597	0	260
2026.03.24	4441.128	4551.348	4305.550	4546.735	1128338	0	336
2026.03.25	4546.765	4602.458	4486.885	4498.103	707012	0	280
2026.03.26	4498.363	4544.523	4350.964	4404.911	928410	0	280
2026.03.27	4404.958	4555.421	4375.236	4495.377	504245	0	280
2026.03.29	4511.704	4514.060	4443.749	4448.566	33610	0	280
2026.03.30	4448.654	4580.668	4418.467	4513.571	447222	0	280
2026.03.31	4513.541	4699.931	4482.483	4696.420	477872	0	280
2026.04.01	4696.362	4800.282	4666.934	4784.149	373786	0	280
2026.04.02	4784.220	4798.740	4553.870	4675.248	607716	0	280
2026.04.05	4662.786	4662.786	4605.062	4610.653	31094	0	280
2026.04.06	4610.685	4706.668	4600.593	4658.722	306000	0	280
2026.04.07	4658.955	4836.336	4607.349	4833.203	507505	0	280
2026.04.08	4833.280	4857.307	4699.492	4715.520	398847	0	280
2026.04.09	4715.592	4801.202	4698.134	4763.591	299774	0	280
2026.04.10	4763.654	4795.160	4730.601	4749.287	240340	0	160
2026.04.12	4670.253	4685.174	4644.273	4671.454	23189	0	280
2026.04.13	4671.211	4765.991	4664.573	4757.481	286369	0	280
2026.04.14	4757.639	4850.545	4751.504	4836.910	234761	0	280
2026.04.15	4836.967	4871.290	4786.070	4823.481	243482	0	280
2026.04.16	4823.314	4838.319	4772.888	4791.644	229623	0	280
2026.04.17	4791.552	4889.686	4767.467	4832.686	256007	0	280
2026.04.19	4774.480	4795.312	4736.757	4755.037	23620	0	360
2026.04.20	4755.259	4833.046	4744.867	4821.549	245282	0	280
2026.04.21	4821.611	4830.641	4668.161	4737.871	328595	0	280
2026.04.22	4738.047	4772.356	4723.353	4727.939	201759	0	280
2026.04.23	4728.005	4753.764	4664.091	4695.224	335641	0	280
2026.04.24	4695.151	4740.221	4657.574	4708.451	245302	0	280
2026.04.26	4696.068	4699.827	4674.842	4680.054	11791	0	280
2026.04.27	4680.118	4730.124	4666.989	4692.035	198664	0	280
2026.04.28	4692.097	4701.388	4554.786	4595.762	285316	0	280
2026.04.29	4595.826	4610.404	4510.127	4561.679	299395	0	280
2026.04.30	4561.637	4646.985	4540.766	4626.341	294558	0	280
2026.05.01	4626.523	4660.228	4559.759	4613.520	219225	0	280
2026.05.03	4625.982	4629.394	4611.106	4613.705	11713	0	280
2026.05.04	4613.930	4618.516	4500.541	4518.980	344068	0	280
2026.05.05	4518.929	4595.722	4513.422	4593.801	195416	0	280
2026.05.06	4593.729	4723.017	4588.063	4698.970	259788	0	280
2026.05.07	4698.866	4764.711	4681.721	4704.064	294922	0	280
2026.05.08	4704.002	4749.575	4693.892	4715.081	235873	0	280
2026.05.10	4691.841	4698.608	4678.962	4691.675	12982	0	280
2026.05.11	4691.528	4770.061	4648.243	4767.591	256716	0	280
2026.05.12	4767.509	4773.564	4637.982	4716.694	280993	0	280
2026.05.13	4717.084	4727.045	4669.361	4696.689	217960	0	280
2026.05.14	4696.323	4718.881	4644.307	4652.305	254695	0	280
2026.05.15	4652.261	4658.300	4511.162	4539.547	376461	0	280
2026.05.17	4538.378	4554.710	4532.026	4536.897	19305	0	280
2026.05.18	4536.965	4588.920	4480.202	4581.568	405762	0	280
2026.05.19	4581.926	4589.369	4464.373	4489.452	330834	0	280
2026.05.20	4489.396	4552.982	4453.399	4546.321	356176	0	280
2026.05.21	4546.372	4571.018	4488.377	4535.299	342208	0	280
2026.05.22	4535.358	4541.010	4491.479	4507.952	241343	0	280
2026.05.24	4545.376	4579.984	4543.319	4567.100	15874	0	280
2026.05.25	4567.126	4580.329	4550.320	4559.694	157227	0	280
2026.05.26	4559.464	4559.948	4482.236	4519.734	243212	0	280
2026.05.27	4519.674	4525.792	4401.265	4447.141	283387	0	280
2026.05.28	4447.199	4516.588	4366.232	4494.974	311607	0	280
2026.05.29	4495.227	4595.189	4491.898	4540.363	253542	0	280
2026.05.31	4521.201	4545.711	4518.354	4539.642	13327	0	280
2026.06.01	4539.703	4546.124	4447.558	4484.275	248816	0	280
2026.06.02	4484.445	4541.596	4462.278	4474.199	220361	0	280
2026.06.03	4474.127	4496.778	4423.591	4457.096	252682	0	280
2026.06.04	4457.449	4515.517	4443.198	4461.516	254226	0	280
2026.06.05	4461.463	4475.911	4311.591	4328.480	346837	0	260
2026.06.07	4325.114	4347.047	4310.169	4343.828	24513	0	260
2026.06.08	4343.881	4353.374	4268.309	4317.619	372142	0	260
2026.06.09	4317.567	4363.473	4210.259	4222.118	382184	0	260
2026.06.10	4222.153	4228.480	4023.831	4047.261	536348	0	260
2026.06.11	4047.203	4246.250	4036.048	4219.785	619423	0	260
2026.06.12	4219.997	4235.655	4170.058	4218.665	387212	0	260
2026.06.14	4270.346	4308.995	4269.222	4293.940	20056	0	280
2026.06.15	4294.108	4369.321	4285.422	4315.715	245547	0	260
2026.06.16	4315.658	4354.991	4306.624	4331.111	213812	0	260
2026.06.17	4331.252	4382.328	4218.832	4277.846	416580	0	260
2026.06.18	4277.923	4329.955	4186.720	4188.559	327845	0	260
2026.06.19	4188.495	4197.941	4121.623	4155.421	207107	0	260
2026.06.21	4153.418	4164.776	4136.447	4140.090	17310	0	260
2026.06.22	4140.145	4221.311	4139.902	4187.409	295630	0	260
2026.06.23	4187.625	4198.671	4080.827	4099.048	353274	0	260
2026.06.24	4098.986	4111.928	3958.811	4012.325	760924	0	160
2026.06.25	4012.270	4044.267	3962.365	4014.651	478189	0	240
2026.06.26	4014.590	4096.053	3982.879	4088.245	326151	0	240
2026.06.28	4075.881	4085.307	4051.708	4062.831	18274	0	240
2026.06.29	4062.887	4075.713	4000.206	4015.028	306809	0	240
2026.06.30	4014.970	4063.385	3942.099	4005.593	341234	0	240
2026.07.01	4005.653	4115.736	3959.988	4035.169	331786	0	240
2026.07.02	4034.972	4144.121	4030.633	4126.180	355994	0	160
2026.07.03	4126.292	4195.506	4122.970	4174.661	177034	0	240
2026.07.05	4177.917	4202.273	4173.191	4183.137	18379	0	240
2026.07.06	4183.254	4203.185	4128.469	4157.372	259621	0	240
2026.07.07	4157.318	4180.583	4092.023	4098.591	284762	0	240
2026.07.08	4098.471	4134.080	4021.769	4076.276	444677	0	240
2026.07.09	4076.084	4120.300	4054.193	4109.783	152328	0	240
